title,creator,date,description,subject,location,latitude,longitude,source,identifier,type,format,language,rights,rightsstatement,reference_url
Scholars GeoPortal,,12/10/2021,&lt;p&gt;Access a variety of Ontario and Canada-wide datasets available to current members of the Brock University community.&lt;/p&gt;,Ontario; Canada,Ontario; Canada,,,Scholars GeoPortal,,GIS,image/jpeg,,,,https://brockdsl.github.io/geodata-listing/item.html?id=brockgeodata001
Open Data Niagara Region ,,12/10/2021,"&lt;p&gt;Download GIS data layers for Niagara Region including cultural features, land use planning, recreation, transportation and more.&lt;/p&gt;",Niagara,Niagara,,,Open Data,,GIS,image/jpeg,,,,https://brockdsl.github.io/geodata-listing/item.html?id=brockgeodata002
Open Data Welland ,,12/10/2021,"&lt;p&gt;Download GIS data layers for the city of Welland including cultural features, land use planning, recreation, transportation and more.&lt;/p&gt;",Niagara,Welland,,,Open Data,,GIS,image/jpeg,,,,https://brockdsl.github.io/geodata-listing/item.html?id=brockgeodata003
Open Data Niagara Falls,,12/10/2021,"&lt;p&gt;Download GIS data layers for Niagara Falls including cultural features, land use planning, recreation, transportation and more.&lt;/p&gt;",Niagara,Niagara Falls,,,Open Data,,GIS,image/jpeg,,,,https://brockdsl.github.io/geodata-listing/item.html?id=brockgeodata004
Ontario Open Data,,12/10/2021,&lt;p&gt;Metadata browser for all provincial data sources. Access may be restricted. Click the &quot;Open Data&quot; filter to browse immediate data downloads. Contact us if there is a resource you want that isn&#39;t ready for public download. Maintained by Land Information Ontario (LIO).&lt;/p&gt;,Ontario,Ontario,,,Open Data,,GIS,image/jpeg,,,,https://brockdsl.github.io/geodata-listing/item.html?id=brockgeodata006
NPCA Open Data,,12/10/2021,"&lt;p&gt;Discover, explore and download geospatial data files relating to natural resources in the Niagara Peninsula Conservation Authority district.&lt;/p&gt;",NPCA; Niagara,Niagara,,,Open Data,,GIS,image/jpeg,,,,https://brockdsl.github.io/geodata-listing/item.html?id=brockgeodata007
Niagara Vector Data,,12/10/2021,"&lt;p&gt;Licensed data includes building footprints, campgrounds, chambers of commerce, 2.5 metre contours, government facilities, schools, tourist information centres, township lots &amp; concessions, waste management and wineries of the Niagara region. Additional vector layers are available from the &lt;a href=&quot;https://niagaraopendata.ca/&quot;&gt;Niagara Open Data&lt;/a&gt; website. These data are useful for cadastral mapping, urban planning, tourism, transportation studies and more.&lt;/p&gt;",Niagara,Niagara,,,Brock Licensed; Open Data,,GIS,image/jpeg,,,,https://brockdsl.github.io/geodata-listing/item.html?id=brockgeodata008
Brock Campus GIS Data,,12/10/2021,"&lt;p&gt;Data includes large scale layers such as contours (5 m), buildings, wooded areas, trees, hydro poles, sidewalks, ditches, culverts, roads, tennis courts, to name a few.&lt;br&gt;&lt;br&gt;Data includes large scale layers such as:&lt;br&gt;&lt;br&gt;buildings (2013)&lt;br&gt;contours (5m) (2001)&lt;br&gt;culverts (2001)&lt;br&gt;ditch (2001)&lt;br&gt;lighting (2014)&lt;br&gt;pavement (2014)&lt;br&gt;pavement markings (2014)&lt;br&gt;ponds (2001)&lt;br&gt;property (2010)&lt;br&gt;roads (2014)&lt;br&gt;sidewalk edges (2014)&lt;br&gt;tennis courts (2001)&lt;br&gt;traffic lights (2001)&lt;br&gt;trails (2001)&lt;br&gt;tree groves (2001)&lt;br&gt;trees (2014)&lt;br&gt;wetland (2001)&lt;br&gt;wooded area outline (2001)&lt;/p&gt;",Brock university,Brock University,,,Brock Licensed,,GIS,image/jpeg,,,,https://brockdsl.github.io/geodata-listing/item.html?id=brockgeodata009
Soil Survey Complex,,12/10/2021,"&lt;p&gt;Data set describing soil patterns of Southern Ontario. Attributes include soil name, texture, drainage and slope. Such data is useful for studies that require an overview of soil characteristics, such as: environmental impact assessments; erosion studies; agricultural capability and engineering studies.&lt;/p&gt;",Soil,Ontario,,,Scholars GeoPortal,,GIS,image/jpeg,,,,https://brockdsl.github.io/geodata-listing/item.html?id=brockgeodata010
Water Well Information System,,12/10/2021,"&lt;p&gt;Point data representing water well locations in Ontario and Niagara. Using the well ID number, a manual search of the printed Groundwater Bulletin Report (MapBk TD 405 O58 2006) will provide further details including elevation, water kind, water use, depth to bedrock, depth to water and soil profiles. All details are available through the &lt;a href=&quot;https://www.ontario.ca/environment-and-energy/map-well-records&quot;&gt; search tool. &lt;/a&gt;&lt;/p&gt;",Water Well,Niagara,,,Open Data,,GIS,image/jpeg,,,,https://brockdsl.github.io/geodata-listing/item.html?id=brockgeodata012
Natural Areas Inventory (NAI),,12/10/2021,"&lt;p&gt;Polygon data for the Niagara Watershed with attributes describing natural areas such as: cliffs, talus, rock, shoreline, bluff, sand, dunes, bog, marsh, agriculture (as open, shrub, treed, barren), woodland, thicket, swamp, hedgerow (as coniferous, deciduous, mixed) and aquatic features (as floating leaved shallow, submerged shallow, open water), and wetlands. These data are useful for large scale mapping for landuse or land cover analysis.&lt;br&gt;&lt;br&gt;Extensive documentation is available under Related Information below.&lt;/p&gt;",Natural Areas;  NPCA ,Niagara,,,Brock Licensed; Scholars GeoPortal,,GIS,image/jpeg,,,,https://brockdsl.github.io/geodata-listing/item.html?id=brockgeodata013
Niagara Natural Environment (NPCA),,12/10/2021,"&lt;p&gt;An inventory of the regulated natural environment within the Niagara watershed. Layers include:  shoreline mapping, floodplains, wetlands, riverine floodplains, top of slope, top of slope allowance, and wetland allowance.&lt;/p&gt;",Natural Environment;  NPCA ,Niagara,,,Brock Licensed,,GIS,image/jpeg,,,,https://brockdsl.github.io/geodata-listing/item.html?id=brockgeodata014
Source Water Protection Data (NPCA),,12/10/2021,"&lt;p&gt;GIS data layers related to NPCA Groundwater Vulnerability Analysis and Groundwater Recharge Areas including: highly vulnerable aquifers, significant ground recharge areas, catchment areas, rivers and watershed areas.&lt;br&gt;&lt;br&gt;Prepared maps are included in the reports listed below under related information.&lt;/p&gt;",Water;  NPCA ,Niagara,,,Brock Licensed,,GIS,image/jpeg,,,,https://brockdsl.github.io/geodata-listing/item.html?id=brockgeodata015
Large Scale Surface Water Inventory (NPCA),,12/10/2021,"&lt;p&gt;GIS layers reflecting large scale (1:2k, 1:10k) surface water features of the Niagara Watershed such as waterbodies (lakes, ponds, reservoirs, large rivers, marshland), rivers, streams, creeks, ditches, hydronet basins and catchments, watersheds and subwatersheds. These data help identify and map surface water interactions with water and wastewater systems and other municipal infrastructure (storm water systems, culverts, bridges). &lt;br&gt;&lt;br&gt;Stream Flow data is available under Related Information.&lt;/p&gt;",Water;  NPCA ,Niagara,,,Brock Licensed,,GIS,image/jpeg,,,,https://brockdsl.github.io/geodata-listing/item.html?id=brockgeodata016
Conservation Areas (NPCA),,12/10/2021,"&lt;p&gt;A single layer representing conservation areas under the Niagara Peninsula Conservation Authority jurisdiction with attributes including name, access fees and amenities (parking, trails, Bruce Trail access, boat launch, picnic tables, restrooms, hunting, education demos).&lt;/p&gt;",Conservation Areas;  NPCA ,Niagara,,,Brock Licensed,,GIS,image/jpeg,,,,https://brockdsl.github.io/geodata-listing/item.html?id=brockgeodata017
Digital Elevation Model 2002 (NPCA),,12/10/2021,"&lt;p&gt;A raster data set including a DEM (5 metre pixel resolution), hillshade layer and breaklines (2D shapefile) used to enhance the model for hydrologic purposes covering the Niagara Watershed.&lt;/p&gt;",DEM;  NPCA ,Niagara,,,Brock Licensed,,GIS,image/jpeg,,,,https://brockdsl.github.io/geodata-listing/item.html?id=brockgeodata018
1m Contours and Digital Terrain Model (NPCA),,12/10/2021,"&lt;p&gt;A geodatabase of 1 meter contours, breaklines and mass points representing elevation characteristics of the Niagara Watershed.&lt;/p&gt;",Contours; DEM;  NPCA ,Niagara,,,Brock Licensed,,GIS,image/jpeg,,,,https://brockdsl.github.io/geodata-listing/item.html?id=brockgeodata019
Watershed Planning Areas (NPCA),,12/10/2021,&lt;p&gt;Boundary file representing the Niagara Watershed Planning Areas. Attributes include simply the planning area name.&lt;br&gt;&lt;br&gt;Details of each planning area can be found in planning documents accessed through the Watershed Explorer (indicated below under related information).&lt;/p&gt;,Water; NPCA ,Niagara,,,Brock Licensed,,GIS,image/jpeg,,,,https://brockdsl.github.io/geodata-listing/item.html?id=brockgeodata020
SWOOP Orthoimagery 2015,,12/10/2021,"&lt;p&gt;High resolution aerial imagery (orthophotos) for Southwestern Ontario (including Niagara) captured in the spring of 2015. 1km tiles. These data are used in land use planning, land survey research, population and diversity studies, and utilities evaluation, to name a few.&lt;br&gt;&lt;br&gt;Coordinate System: UTM - NAD&#39;83, Zone 17&lt;br&gt; Imagery date: acquired between April 12 and May 23 2015&lt;br&gt;Ground pixel resolution: 20 cm&lt;br&gt;Format: jpeg2000&lt;br&gt;Approximate file size per tile: - 10 MB&lt;/p&gt;",Orthoimagery,Ontario,,,Scholars GeoPortal,,RS,image/jpeg,,,,https://brockdsl.github.io/geodata-listing/item.html?id=brockgeodata021
Niagara Orthoimagery - 2015,,12/10/2021,"&lt;p&gt;High resolution aerial MOSAIC imagery (orthophotos) for the Niagara Region captured in the spring of 2015. This orthoimagery includes Niagara municipal mosaics of the 2015 SWOOP imagery. Additional imagery for all of the Southwestern Ontario is available on &lt;a href=&quot;http://geo.scholarsportal.info/#r/details/_uri@=4163035098$OGDE_SWOOP_2015&quot;&gt;Scholars GeoPortal&lt;/a&gt; in 1km tile segments. These data are used in land use planning, water management, urban studies and infrastructure, natural resources, to name a few.&lt;br&gt;&lt;br&gt;Coordinate system: UTM - NAD&#39;83, Zone 17&lt;br&gt;Imagery date: spring 2015&lt;br&gt;Ground pixel resolution: 20 cm&lt;br&gt;Format: SID, JP2&lt;br&gt;Approximate file size per tile: 2GB - 13GB&lt;br&gt;Organized by municipality&lt;/p&gt;",Orthoimagery,Niagara,,,Brock Licensed,,RS,image/jpeg,,,,https://brockdsl.github.io/geodata-listing/item.html?id=brockgeodata022
Niagara Orthoimagery - 2013,,12/10/2021,"&lt;p&gt;High resolution aerial imagery (orthophotos) for the Niagara Region captured in the spring of 2013. These data are used in land use planning, water management, urban studies and infrastructure, natural resources, to name a few.&lt;br&gt;&lt;br&gt;Coordinate system: UTM - NAD&#39;83, Zone 17&lt;br&gt;Imagery date: spring 2013&lt;br&gt;Ground pixel resolution: 10 cm&lt;br&gt;Format: MrSID&lt;br&gt;Approximate file size per tile: 2GB - 13GB&lt;br&gt;Organized by municipality&lt;/p&gt;",Orthoimagery,Niagara,,,Brock Licensed,,RS,image/jpeg,,,,https://brockdsl.github.io/geodata-listing/item.html?id=brockgeodata023
SWOOP Orthoimagery - 2010,,12/10/2021,"&lt;p&gt;High resolution aerial imagery (orthophotos) for Southwestern Ontario including the Niagara Region captured in the spring of 2010. These data are used in land use planning, land survey research, population and diversity studies, and utilities evaluations, to name a few.&lt;br&gt;&lt;br&gt;Coordinate system: UTM - NAD&#39;83, Zone 17&lt;br&gt;Imagery date: spring 2010&lt;br&gt;Ground pixel resolution: 20 cm&lt;br&gt;Format: MrSID, jpeg2000&lt;br&gt;Approximate file size per tile: 1.5GB - 3GB&lt;/p&gt;",Orthoimagery,Ontario,,,Scholars GeoPortal,,RS,image/jpeg,,,,https://brockdsl.github.io/geodata-listing/item.html?id=brockgeodata024
SWOOP Orthoimagery - 2006,,12/10/2021,"&lt;p&gt;High resolution aerial imagery (orthophotos) for Southwestern Ontario excluding Niagara captured in the spring of 2006. These data are used in land use planning, land survey research, population and diversity studies, and utilities evaluations, to name a few.&lt;br&gt;&lt;br&gt;Coordinate system: UTM - NAD&#39;83, Zone 17&lt;br&gt;Aerial photography scale: 1:10,000&lt;br&gt;Aerial photography date: spring 2006&lt;br&gt;Ground pixel resolution: 10cm&lt;br&gt;Approximate file size per tile: B&amp;W &gt; 1.5GB; colour &gt; 2GB&lt;/p&gt;",Orthoimagery,Ontario,,,Scholars GeoPortal,,RS,image/jpeg,,,,https://brockdsl.github.io/geodata-listing/item.html?id=brockgeodata025
Niagara Orthoimagery - 2002,,12/10/2021,"&lt;p&gt;High resolution aerial imagery (orthophotos) for the Greater Toronto Area including Niagara captured in the spring of 2002.  These data are used in land use planning, land survey research, population and diversity studies, and utilities evaluations, to name a few.&lt;br&gt;&lt;br&gt;Coordinate system: UTM - NAD&#39;83, Zone 17&lt;br&gt;Aerial photography scale: 1:20,000&lt;br&gt;Aerial photography date: spring 2002&lt;br&gt;Ground pixel resolution: 20cm&lt;br&gt;Format: MrSID&lt;br&gt;Approximate file size: 12.4GB&lt;/p&gt;",Orthoimagery,Niagara,,,Brock Licensed,,RS,image/jpeg,,,,https://brockdsl.github.io/geodata-listing/item.html?id=brockgeodata026
Niagara Orthoimagery - 2000,,12/10/2021,"&lt;p&gt;High resolution black &amp; white aerial imagery for the Regional Municipality of Niagara. These data are used in land use planning, land survey research, population and diversity studies, and utilities evaluations, to name a few.&lt;br&gt;&lt;br&gt;Coordinate system: UTM - NAD&#39;83, Zone 17&lt;br&gt;Aerial photography scale: 1:20,000&lt;br&gt;Aerial photography date: April 26, 2000&lt;br&gt;Ground pixel resolution: 30 cm&lt;br&gt;Format: MrSID&lt;br&gt;Approximate file size: 1.64 GB&lt;br&gt;&lt;br&gt;&lt;a href=&quot;mailto:maplib@brocku.ca?Subject=Data%20Request&quot;&gt;Request Data&lt;/a&gt;&lt;br&gt;&lt;br&gt;&lt;/p&gt;",Orthoimagery,Niagara,,,Brock Licensed,,RS,image/jpeg,,,,https://brockdsl.github.io/geodata-listing/item.html?id=brockgeodata027
Niagara Orthoimagery - 1995,,12/10/2021,"&lt;p&gt;High resolution aerial imagery (orthophotos) for St. Catharines and Niagara Falls in 1995. These data are used in land use planning, land survey research, population and diversity studies, and utilities evaluations, to name a few.&lt;br&gt;&lt;br&gt;Coordinate system: UTM - NAD&#39;83, Zone 17&lt;br&gt;Aerial photography scale: 1:20,000&lt;br&gt;Imagery date: 1995&lt;br&gt;Ground pixel resolution: 1 m&lt;br&gt;Format: TIF, TFW&lt;br&gt;Approximate file size per tile: 458 MB&lt;/p&gt;",Orthoimagery,Niagara,,,Brock Licensed,,RS,image/jpeg,,,,https://brockdsl.github.io/geodata-listing/item.html?id=brockgeodata028
"Worldview-2 Satellite Imagery, July 10, 2018",,12/10/2021,"&lt;p&gt;Remote sensing Worldview-2 satellite imagery for the town of Lincoln in Niagara. Ortho Ready Standard high resolution satellite data used to study land use, land cover, agriculture, urban growth, transportation networks, deforestation, water pollution, and other earth surface features.&lt;br&gt;&lt;br&gt;Satellite: WorldView-2&lt;br&gt;Scene Image ID: 1030010081790D00&lt;br&gt;Date: July 10, 2018&lt;br&gt;Format: GeoTIFF&lt;br&gt;Resolution: 50 cm (pan); 2 m (multi-spectral)&lt;br&gt;Sensor Mode: PAN/MS&lt;br&gt;Cloud Cover: 0%&lt;br&gt;Bands: panchromatic &amp; multispectral, B, G, R and near-infrared&lt;br&gt;Image processing: Ortho-Ready Standard&lt;br&gt;&lt;br&gt;&lt;br&gt;Spectral Characteristics:&lt;br&gt;&lt;br&gt;400-450 nm (coastal)&lt;br&gt;450-510 nm (blue)&lt;br&gt;510-580 nm (green&lt;br&gt;585-625nm(yellow)&lt;br&gt;630-690nm(red)&lt;br&gt;705-745 (red edge)&lt;br&gt;770-895 (near IR-1)&lt;br&gt;860-900 nm (near IR-2)&lt;br&gt;&lt;br&gt;Pan (B&amp;W): 450-800&lt;/p&gt;",Remote sensing; Satellite Imagery,Niagara,,,Brock Licensed,,RS,image/jpeg,,,,https://brockdsl.github.io/geodata-listing/item.html?id=brockgeodata029
"WorldView-3 Satellite Imagery, May 9, 2015",,12/10/2021,"&lt;p&gt;WorldView-3 satellite 1.5m multi-spectral remote sensing image including panchromatic (30cm), coastal, red, red edge, blue, green, yellow and near-infrared 1&amp; 2 bands. Ortho Ready Standard high resolution satellite data used to study land use, land cover, agriculture, urban growth, transportation networks, deforestation, water pollution, and other earth surface features. Coverage includes Short Hills to Lake Ontario.&lt;br&gt;&lt;br&gt;Satellite: WorldView-3&lt;br&gt;Scene Image ID: 055061395010_01_P001&lt;br&gt;Date: May 9, 2015&lt;br&gt;Format: GeoTIFF&lt;br&gt;Resolution: 30 cm (pan); 1.5 m (multi-spectral)&lt;br&gt;Sensor Mode: PAN/MS&lt;br&gt;Cloud Cover: 0%&lt;br&gt;Bands: panchromatic &amp; multispectral, B, G, R and near-infrared&lt;br&gt;Image processing: Ortho-Ready Standard&lt;br&gt;&lt;br&gt;Spectral Characteristics:&lt;br&gt;&lt;br&gt;Coastal: 400-450&lt;br&gt;Blue: 450-510&lt;br&gt;Green: 510-580&lt;br&gt;Yellow: 630-625&lt;br&gt;Red: 630-690&lt;br&gt;Red Edge: 705-745&lt;br&gt;Near-IR1: 770-895&lt;br&gt;Near-IR2: 860-1040&lt;br&gt;Pan (B&amp;W): 450-800&lt;/p&gt;",Remote sensing; Satellite Imagery,Niagara,,,Brock Licensed,,RS,image/jpeg,,,,https://brockdsl.github.io/geodata-listing/item.html?id=brockgeodata030
Niagara LiDAR,,12/10/2021,"&lt;p&gt;Two Niagara datasets provide select coverage over the Niagara Falls area. LiDAR which stands for Light Detection and Ranging, is a remote sensing method that uses light in the form of a pulsed laser to measure variable distances to the Earth&#39;s surface. The result is a very detailed point cloud dataset allowing users to visualize the bare earth (last pulse return) or canopy (first pulse return) and anything in between.&lt;br&gt;&lt;br&gt;The data sources below are sample datasets provided as is for teaching and research purposes. Students are encouraged to examine and process the imagery using Geographic Information Systems.&lt;br&gt;&lt;br&gt;Niagara Falls&lt;br&gt;Original data is compressed in RAR format and unzipped using 7-Zip software. The resulting .las files provide LiDAR coverage over Niagara Falls to the Whirlpool gorge.&lt;br&gt;&lt;br&gt;Location \DATA\Remote_Sensing\LiDAR_NiagaraFalls\&lt;br&gt;File type: RAR, .las&lt;br&gt;File size: 418 MB unzipped to 2.55GB&lt;br&gt;&lt;br&gt;Niagara Falls (Terrasolid)&lt;br&gt;These data include a subset of the above Niagara Falls LiDAR collection with additional files prepared for use with Terrasolid software. Although the MDGL doesn&#39;t support this software, these data may be of use to the curious remote sensing explorer.&lt;br&gt;&lt;br&gt;Location \DATA\Remote_Sensing\LiDAR_Niagara\&lt;br&gt;File type: .las, .lasd, .bin, .jp2&lt;br&gt;File size: 1.88 GB&lt;/p&gt;",LiDAR; Remote Sensing,Niagara,,,Brock Licensed,,RS,image/jpeg,,,,https://brockdsl.github.io/geodata-listing/item.html?id=brockgeodata031
Niagara Remote Sensing Imagery Index,,12/10/2021,"&lt;p&gt;This index offers an interactive view of satellite imagery available over the Niagara Region. Imagery includes Landsat, Worldview, GeoEye, SPOT and LiDAR.&lt;/p&gt;",Remote Sensing; Satellite Imagery,Niagara,,,Brock Licensed,,RS,image/jpeg,,,,https://brockdsl.github.io/geodata-listing/item.html?id=brockgeodata032
"GEOEYE-1 Satellite Image over Niagara, July 31, 2009",,12/10/2021,"&lt;p&gt;GEOEYE-1 satellite 2m multi-spectral remote sensing image including panchromatic, red, blue, green and near-infrared bands.&lt;br&gt;&lt;br&gt;High-resolution satellite data used to study land use, land cover, agriculture, urban growth, transportation networks, deforestation, water pollution, and other earth surface features.&lt;br&gt;&lt;br&gt;GENERAL SCENE DESCRIPTION (Please refer to imagery metadata document for specific details of each scene.)&lt;br&gt;&lt;br&gt;Satellite: GEOEYE-1&lt;br&gt;Scene Image ID: 2009073116134721603031606123 &lt;br&gt;Date: July 31, 2009&lt;br&gt;Format: GeoTIFF&lt;br&gt;Resolution: 0.5 metre (pan); 2 metre (multi-spectral)&lt;br&gt;Sensor Mode: PAN/MSI&lt;br&gt;Cloud Coverage: 0%&lt;br&gt;Bands: panchromatic &amp; multispectral, B, G, R and near-infrared&lt;br&gt;Image processing: Ortho-rectification &amp; atmospheric correction.&lt;/p&gt;",Remote Sensing; Satellite Imagery,Niagara,,,Brock Licensed,,RS,image/jpeg,,,,https://brockdsl.github.io/geodata-listing/item.html?id=brockgeodata033
"Pleiades Satellite Image over Niagara-on-the-Lake, April 23, 2013",,12/10/2021,"&lt;p&gt;Pleiades very high resolution satellite 50cm PAN, 2m multi-spectral remote sensing image including panchromatic, red, blue, green and near-infrared bands for the Niagara-on-the-Lake municipality. Pleiades imagery includes very high resolution panchromatic and multispectral views of Niagara-on-the-Lake. These data are used to study land use, landcover, agriculture, deforestation, water pollution and other phenomena of the earth&#39;s surface.&lt;br&gt;&lt;br&gt;Satellite: Pleiades-1A&lt;br&gt;Scene ID:&lt;br&gt;IMG_PHR1A_PMS_201304231626090_ORT_837129101-001_R1C1&lt;br&gt;IMG_PHR1A_PMS_201304231626090_ORT_837129101-001_R1C2&lt;br&gt;IMG_PHR1A_PMS_201304231626090_ORT_837129101-001_R2C1&lt;br&gt;IMG_PHR1A_PMS_201304231626090_ORT_837129101-001_R2C2&lt;br&gt;&lt;br&gt;Date: April 23, 2013&lt;br&gt;Format: .tif, .tfw&lt;br&gt;Resolution: 50cm PAN, 2m MS Ortho&lt;br&gt;Image processing: ortho-rectified&lt;br&gt;&lt;br&gt;Spectral Range:&lt;br&gt;Multi-spectral:&lt;br&gt;430-550 nm (blue)&lt;br&gt;500-620 nm (green)&lt;br&gt;590-710 nm (red)&lt;br&gt;740-940nm (near-infrared)&lt;br&gt;&lt;br&gt;Panchromatic:&lt;br&gt;470-830 nm&lt;/p&gt;",Remote Sensing; Satellite Imagery,Niagara,,,Brock Licensed,,RS,image/jpeg,,,,https://brockdsl.github.io/geodata-listing/item.html?id=brockgeodata034
"SPOT-5 Satellite Image over Niagara, July 22, 2007",,12/10/2021,"&lt;p&gt;SPOT-5 satellite 10m multi-spectral remote sensing image including bands 1, 2, 3 &amp; SWIR. Used to study land use, land cover, agriculture, urban growth, transportation networks, deforestation, water pollution, and other earth surface features.&lt;br&gt;&lt;br&gt;Satellite: SPOT-5&lt;br&gt;Scene Image ID: 56162630707221609071J&lt;br&gt;Date: July 22, 2007&lt;br&gt;Format: GeoTIFF, DAT&lt;br&gt;Resolution: 10 metre&lt;br&gt;Cloud: 15%&lt;br&gt;Bands: 1, 2, 3, SWIR&lt;br&gt;Image processing: Ortho-rectification &amp; atmospheric correction&lt;/p&gt;",Remote Sensing; Satellite Imagery,Niagara,,,Brock Licensed,,RS,image/jpeg,,,,https://brockdsl.github.io/geodata-listing/item.html?id=brockgeodata035
"Landsat-7, ETM+ Satellite Image over Niagara, June 10, 2000",,12/10/2021,"&lt;p&gt;Remote sensing image for LANDSAT 7, ETM+ SLC-on; All Bands. Also available for download from USGS Explorer Landsat Archive. All Bands, used to study land use, land cover, agriculture, urban growth, transportation networks, deforestation, water pollution, and other earth surface features.&lt;br&gt;&lt;br&gt;Satellite: Landsat-7, ETM+&lt;br&gt;Scene Image ID: LE70170302000162EDC00&lt;br&gt;Track/Frame: 17/30&lt;br&gt;Date: June 10, 2000&lt;br&gt;Cloud: 15%&lt;br&gt;Bands &amp; Resolution:1-5,7 (30m), 6 (60m), P (panchromatic, 15m)&lt;br&gt;Image processing: Ortho-rectification &amp; atmospheric correction&lt;/p&gt;",Remote Sensing; Satellite Imagery,Niagara,,,Open Data,,RS,image/jpeg,,,,https://brockdsl.github.io/geodata-listing/item.html?id=brockgeodata036
LiDAR - Humber River,,12/10/2021,"&lt;p&gt;Remote sensing LiDAR imagery sample of the Humber River area in Toronto. LiDAR (Light Detection and Ranging) is a remote sensing method that uses light in the form of a pulsed laser to measure variable distances to the Earth. This produces 3-dimensional information about the shape of the Earth and its surface characteristics. This dataset encompasses South Humber Park and King&#39;s Mill Park in Toronto, Ontario between Bloor St. W. and the Gardiner Expressway. It includes &quot;bare earth&quot; and &quot;full feature&quot; point clouds which depict the ground surface and built environment (man-made and natural), respectively. Accompanying the data are 50cm contours. The data is divided into 500m x 500m tiles following the UTM Grid System.&lt;br&gt;&lt;br&gt;GENERAL SCENE DESCRIPTION (Please refer to imagery metadata document for specific details.)&lt;br&gt;LiDAR System: Leica ALS70&lt;br&gt;Project Number: 11357&lt;br&gt;Date: November, 2012&lt;br&gt;Format: Point Cloud&lt;br&gt;Point Density: &gt;5 pts/m squared&lt;br&gt;Scene size: 2.1 square kilometers&lt;br&gt;Projection: UTM 17 NAD83&lt;br&gt;File Size: 2.16 GB&lt;br&gt;&lt;br&gt;&lt;br&gt;DELIVERABLES INCLUDE:&lt;br&gt;1m Grids (XYZ ASCII), Bare Earth and Full Feature&lt;br&gt;Summary Produced: April 25, 2013&lt;br&gt;Hillshade Images (Geotiffs), Bare Earth and Full Feature&lt;br&gt;50cm Contours (.Shp)&lt;br&gt;Point Cloud (LAS v1.2, ASPRS Classification, All Classes &amp; Ground Class only)&lt;br&gt;Point Cloud (XYZI ASCII)&lt;/p&gt;",LiDAR; Remote sensing,Toronto,,,Brock Licensed,,RS,image/jpeg,,,,https://brockdsl.github.io/geodata-listing/item.html?id=brockgeodata037
1934 Air Photo Mosaics of the Niagara Peninsula,,12/10/2021,"&lt;p&gt;The 1934 air photo collection of Niagara has been digitized, mosaicked and georeferenced. The historical imagery is available in a variety of formats through this site. Historical air photos of the Niagara Peninsula were scanned, mosaicked and georeferenced for use with GIS software. These data are used to study changes in land use, urban growth, transportation networks, surface water features, shoreline changes and property assessment, to name a few.&lt;br&gt;&lt;br&gt;Source of original air photos: Canada Department of Energy, Mines &amp; Resources, 1934&lt;br&gt;Original scale: 1:16,000&lt;br&gt;Scanning Resolution: 600 dpi&lt;br&gt;Ground Pixel Resolution: 60cm&lt;br&gt;Format: GeoTIFF, ArcGIS image service&lt;br&gt;Projection: UTM NAD83 Zone 17N&lt;/p&gt;",air photo mosaics,Niagara,,,Open Data,,Static; GIS,image/jpeg,,,,https://brockdsl.github.io/geodata-listing/item.html?id=brockgeodata038
1954 Air Photo Mosaics of Niagara,,12/10/2021,"&lt;p&gt;The 1954 air photo collection of Niagara has been digitized, mosaicked and georeferenced. Geotiff files are available for direct download and use in GIS software.  These data are used to study changes in land use, urban growth, transportation networks, surface water features, shoreline changes and property assessment, to name a few.&lt;br&gt;&lt;br&gt;Source: Ontario Ministry of Natural Resources, 1954/1955&lt;br&gt;Original scale: 1:16,000&lt;br&gt;Scanning Resolution: 600 dpi&lt;br&gt;Ground Pixel Resolution: 60 cm&lt;br&gt;Format: GeoTIFF (LZW compression)&lt;br&gt;Alt Format: ArcGIS Online Image Service&lt;br&gt;Projection: UTM NAD83 Zone 17N&lt;/p&gt;",air photo mosaics,Niagara,,,Open Data,,Static; GIS,image/jpeg,,,,https://brockdsl.github.io/geodata-listing/item.html?id=brockgeodata039
1965 Air Photo Mosaics of Niagara,,12/10/2021,"&lt;p&gt;The 1965 air photo collection of Niagara has been digitized, mosaicked and georeferenced. Geotiff files are available for direct download and use in GIS software. These data are used to study changes in land use, urban growth, transportation networks, surface water features, shoreline changes and property assessment, to name a few.&lt;br&gt;&lt;br&gt;Source: Ontario Ministry of Natural Resources, 1965&lt;br&gt;Original scale: 1:16,000&lt;br&gt;Scanning Resolution: 600 dpi&lt;br&gt;Ground Pixel Resolution: 60 cm&lt;br&gt;Format: GeoTIFF (LZW compression)&lt;br&gt;Alt Format: ArcGIS Online Image Service&lt;br&gt;Projection: UTM NAD83 Zone 17N&lt;/p&gt;",air photo mosaics,Niagara,,,Open Data,,Static; GIS,image/jpeg,,,,https://brockdsl.github.io/geodata-listing/item.html?id=brockgeodata040
Ontario Parcel Data (Teranet) ,,12/10/2021,"&lt;p&gt;Property boundary files for Ontario municipalities. The Ontario Government (MNR), the Municipal Property Assessment Corporation (MPAC) and Teranet Entreprises Inc. have collaborated to develop a province-wide parcel data set. The data includes property boundaries and identifiers such as Assessement Roll Number (ARN) or property identification number (PIN), which can be linked to ownership report files.&lt;br&gt;&lt;br&gt;The parcel data is used with Geographic Information Systems (GIS) and includes applications such as: taxation, land registration, land use planning, land management and business planning. The property boundaries may also be used as a base to georeference historical data such as Fire Insurance Plans.&lt;br&gt;&lt;br&gt;Projection: Projected Lambert Conformal Conic; NAD 1983&lt;/p&gt;",Ontario; Parcel,Ontario,,,Brock Licensed,,GIS,image/jpeg,,,,https://brockdsl.github.io/geodata-listing/item.html?id=brockgeodata041
"Niagara Topographic Map Images, 1:25k 1960-1965",,12/10/2021,"&lt;p&gt;Georeferenced 1:25,000 topographic maps of Niagara based on the first edition of the National Topographic Series (NTS)(1960-1965). Scanned and Georeferenced historical topographic maps of the Niagara area are available for download or viewing with ArcGIS online. These data are used to study changes in land use, urban growth, transportation networks, surface water features, shoreline changes and more.&lt;br&gt;&lt;br&gt;Original Paper Series: Canada National Topographic Series, 1:25,000&lt;br&gt;Edition: 1/2 (1960-1965)&lt;br&gt;Scanning Resolution: 200 dpi&lt;br&gt;Ground Resolution: 3 meters&lt;br&gt;Format: GeoTiff, ArcGIS online image service&lt;br&gt;File Size:~23-30 megabytes per image&lt;br&gt;Coordinate System: GCS_NAD83_CSRS98&lt;/p&gt;",Topographic maps,Niagara,,,Open Data,,Static; GIS,image/jpeg,,,,https://brockdsl.github.io/geodata-listing/item.html?id=brockgeodata042
"Niagara Topographic Map Images, 1:25k 1970",,12/10/2021,"&lt;p&gt;Georeferenced 1:25,000 topographic maps of Niagara based on the second or third editions of the National Topographic Series (NTS)(1970). Scanned and georeferenced historical topographic maps of the Niagara area are available to users holding a valid Brock i.d. These data are used to study changes in land use, urban growth, transportation networks, surface water features, shoreline changes and more.&lt;br&gt;&lt;br&gt;Original Paper Series: Canada National Topographic Series, 1:25,000&lt;br&gt;Edition: 2/3 (1970)&lt;br&gt;Scanning Resolution: 200 dpi&lt;br&gt;Ground Resoltion: 3 metres&lt;br&gt;Format: GeoTIFF&lt;br&gt;File Size: ~20-30 megabytes per image&lt;br&gt;Coordinate System: GCS_NAD83_CSRS98&lt;/p&gt;",Topographic maps,Niagara,,,Brock Licensed,,Static; GIS,image/jpeg,,,,https://brockdsl.github.io/geodata-listing/item.html?id=brockgeodata043
"Niagara Topographic Map Images, 1:50k",,12/10/2021,"&lt;p&gt;Georeferenced 1:50,000 topographic maps of Niagara based on the first edition of the National Topographic Series (NTS)(1965-1969). Scanned and georeference historical topographic maps of the Niagara area are available for download. These data are used to study changes in land use, urban growth, transportation networks, surface water features, shoreline cahnges and more.&lt;br&gt;&lt;br&gt;Original Paper Series: Canada National Topographic Series, 1:50,000&lt;br&gt;Scanning Resolution: 200 dpi&lt;br&gt;Ground Resolution: 3 metres&lt;br&gt;Format: GeoTIFF&lt;br&gt;File Size: 50-60 megabytes per image&lt;br&gt;Coordinate System: GCS_NAD83_CSRS98&lt;/p&gt;",Topographic maps,Niagara,,,Open Data,,Static; GIS,image/jpeg,,,,https://brockdsl.github.io/geodata-listing/item.html?id=brockgeodata044
"Niagara Topographic Map Images, 1:63,360",,12/10/2021,"&lt;p&gt;Georeferenced 1:63,360 topographic maps of Niagara based on the National Topographic Series (NTS)(circa 1908 - 1917).Scanned and georeference historical topographic maps of the Niagara area are available for download. These data are used to study changes in land use, urban growth, transportation networks, surface water features, shoreline changes and more.&lt;br&gt;&lt;br&gt;Original Paper Series: Canada National Topographic Series, 1:63,360&lt;br&gt;Scanning Resolution: 300 dpi&lt;br&gt;Ground Resolution: 3 metres&lt;br&gt;Format: GeoTIFF&lt;br&gt;File Size: ~30-60 megabytes per image&lt;br&gt;Coordinate System: GCS_NAD83_CSRS98&lt;/p&gt;",Topographic maps,Niagara,,,Open Data,,Static; GIS,image/jpeg,,,,https://brockdsl.github.io/geodata-listing/item.html?id=brockgeodata045
Ontario Base Map (OBM) Data ,,12/10/2021,"&lt;p&gt;Seamless coverage of topographic features include: airports, buildings, contour lines (5 metre contour interval), spot heights, drainage, municipal boundaries, pits, quarries, roads, railways, utility lines, waterbodies and wetlands. Historic topographic data layers based on the Ontario Basic Mapping series (1:10,000) published by the Ontario Ministry of Natural Resources in the mid-1970s. Mapping was updated in the 1980s. Seamless coverage of features include: airports, buildings, contour lines (5 metre contour interval), spot heights, drainage, municipal boundaries, pits, quarries, roads, railways, utility lines, waterbodies and wetlands. This data is useful for topographic information available in the contours and spot height layers. Other layers do not contain detailed attribute records but are useful for visual purposes.&lt;/p&gt;",Topographic maps,Ontario,,,Open Data; Scholars GeoPortal,,GIS,image/jpeg,,,,https://brockdsl.github.io/geodata-listing/item.html?id=brockgeodata046
Ontario Road Network (ORN) Data,,12/10/2021,"&lt;p&gt;Geometry and attributes of Ontario&#39;s roads describing name, address ranges, direction of traffic flow, municipality, road classification and speed limit. The ORN is a combined effort of federal, provincial and municipal agencies providing users with a common data infrastructure across the province.&lt;/p&gt;",Ontario; Transportation,Ontario,,,Open Data; Scholars GeoPortal,,GIS,image/jpeg,,,,https://brockdsl.github.io/geodata-listing/item.html?id=brockgeodata047
Ontario School Boards 2009-2010,,12/10/2021,"&lt;p&gt;Ontario public and catholic school board boundary files published in 2009, updated in 2010. Data includes boundaries for 4 school board districts: Catholic - English and French (ec_09_10.shp, fc_09_10.shp) and Public - English and French. (ep_09_10.shp, fp_09_10.shp).&lt;br&gt;&lt;br&gt;Data Producer: These files were provided by the GIS Unit, Enterprise Business Intelligence Operations, Data Collection and Decision Support Solutions Branch, Community Services I&amp;IT Cluster, Government of Toronto, Ontario.&lt;/p&gt;",Ontario; School,Ontario,,,Brock Licensed,,GIS,image/jpeg,,,,https://brockdsl.github.io/geodata-listing/item.html?id=brockgeodata048
Niagara Escarpment Plan 2014,,12/10/2021,"&lt;p&gt;Published in June 2005, plan documents, maps and GIS data are available for research relating to this protected area. The Niagara Escarpment Plan includes policies for seven land-use designations (Natural, Protection, Rural, Recreation, Urban, Minor Urban and Mineral Resource Extraction), provides development criteria and establishes objectives for the Niagara Escarpment Parks System as 131 parks and protected areas.&lt;br&gt;&lt;br&gt;The 2014 textual updates are available from the &lt;a href=&quot;http://www.escarpment.org/landplanning/plan/index.php&quot;&gt; Niagara Escarpment Plan&lt;/a&gt; website.&lt;/p&gt;",Niagara; Escarpment,Ontario,,,Brock Licensed; Open Data,,GIS,image/jpeg,,,,https://brockdsl.github.io/geodata-listing/item.html?id=brockgeodata049
Ontario Integrated Hydrology Data,,12/10/2021,"&lt;p&gt;Stream network, hydrology enforced digital elevation model, flow direction grid, raster representation of the stream network.&lt;/p&gt;",Hydrology,Ontario,,,Scholars GeoPortal,,GIS,image/jpeg,,,,https://brockdsl.github.io/geodata-listing/item.html?id=brockgeodata050
Ontario Flow Assessment Tools III,,12/10/2021,"&lt;p&gt;This is an interactive water resources assessment tool used to calculate watershed boundaries, 2011 land cover characteristics and flow statistics. The user selects a point along a river as the source point and the tool generates the watershed boundary. All results may be downloaded in shapefile or table format. A User Guide is available. &lt;/p&gt;",Hydrology,Ontario,,,Open Data,,GIS,image/jpeg,,,,https://brockdsl.github.io/geodata-listing/item.html?id=brockgeodata051
Provincial DEM Tiled Data Set,,12/10/2021,"&lt;p&gt;A raster data set including a continuous surface of elevation (10 metre pixel resolution for Southern Ontario, 20 metre for Northern Ontario) for the province of Ontario. &lt;/p&gt;",DEM,Ontario,,,Scholars GeoPortal,,GIS,image/jpeg,,,,https://brockdsl.github.io/geodata-listing/item.html?id=brockgeodata052
Quaternary Geology of Ontario,,12/10/2021,"&lt;p&gt;Layers defining landform deposits typical of geology in Ontario. Based on 1:1 million scale mapping. Accessible through OGSEarth. It is a seamless digital representation of Ontario&#39;s surficial geology. It was digitized from the 1:1,000,000 geologic map of quaternary data and compiled from engineering terrain and surficial geology maps. The data is a re-release of preliminary files released in May 1997. The digital version (ERLIS Data Set 14) illustrates the distribution of various quaternary sediments and landform deposits, such as: glacial tills, drumlins, moraines, eskers, sand dunes, and glacial escarpments. Geology attributes include: age, unit name, lobe, and material. Dune attributes include: angle and rotation.&lt;/p&gt;",Geology,Ontario,,,Open Data,,GIS,image/jpeg,,,,https://brockdsl.github.io/geodata-listing/item.html?id=brockgeodata053
"Surficial Geology of Southern Ontario (1:50,000)",,12/10/2021,"&lt;p&gt;Layers defining landform deposits typical of geology in Ontario. Based on 1:50,000 scale mapping. The Surficial Geology of Southern Ontario data set is a GIS based geological map that shows the distribution and characteristics of surficial units across Southern Ontario. It illustrates surficial deposit types, material types, geological features (e.g. drumlins, eskers) and general bedrock types and outcrops. The surficial geology of southern Ontario consists largely of varying types and thicknesses of deposits emplaced primarily during the Quaternary period. These surficial deposits overly a bedrock terrain consisting mainly of Phanerozoic sedimentary rocks that overlie older Precambrian rocks of the Canadian Shield. The data used in generating the map was derived from Quaternary maps, primarily at a scale of 1:50 000, completed by the OGS and Geological Survey of Canada (GSC) for most of southern Ontario over the past 40 years.&lt;/p&gt;",Geology,Ontario,,,Scholars GeoPortal,,GIS,image/jpeg,,,,https://brockdsl.github.io/geodata-listing/item.html?id=brockgeodata054
"Bedrock Geology of Ontario (1:250,000)",,12/10/2021,"&lt;p&gt;Layers defining bedrock features typical of geology in Ontario. Based on 1:250,000 scale mapping. Also available through OGSEarth. Data representing the solid rock underlying the Province of Ontario at a compilation scale of 1:250 000. Data includes: bedrock units, major faults, dike swarms, iron formations, kimberlites and interpretation of the Precambrian bedrock geology underlying the Hudson Bay and James Bay lowlands Phanerozoic cover.&lt;/p&gt;",Geology,Ontario,,,Scholars GeoPortal; Open Data,,GIS,image/jpeg,,,,https://brockdsl.github.io/geodata-listing/item.html?id=brockgeodata055
"Bedrock Topography and Overburden Thickness Mapping, Southern Ontario",,12/10/2021,&lt;p&gt;Raster grid files defining bedrock elevation and overburden drift thickness for Southern Ontario. Available through OGSEarth. &lt;/p&gt;,Geology,Ontario,,,Open Data,,GIS,image/jpeg,,,,https://brockdsl.github.io/geodata-listing/item.html?id=brockgeodata056
OGSEarth ,,12/10/2021,&lt;p&gt;Use Google Earth to view OGS geology maps that are available from Geology Ontario. &lt;/p&gt;,Geology,Ontario,,,Open Data,,GIS,image/jpeg,,,,https://brockdsl.github.io/geodata-listing/item.html?id=brockgeodata057
Southern Ontario Land Resource Information System (SOLRIS),,12/10/2021,"&lt;p&gt;Grid and layer files describing landcover. Download &quot;SOLRIS&quot; from &lt;a href=&quot;http://geo.scholarsportal.info/#r/details/_uri@=3228499737&quot;&gt;Scholars GeoPortal&lt;/a&gt;. Southern Ontario Land Resource Information System (SOLRIS) is a regional, ecologically based, land cover / land use inventory. It provides a comprehensive, landscape-level inventory of natural, rural and urban areas in Southern Ontario. The land cover / land use classification follows the standardized Ecological Land Classification for southern Ontario to describe, inventory and interpret land cover for ecoregions in southern Ontario. The inventory represents the landscape current to 2000 to 2002. Version 1.2 includes all of Southern Ontario with data classes including: exposed bedrock, shoreline, forest, agriculture (annual, mixed and perennial crop), vegetation, transportation, built-up areas and water. Detailed descriptions of each classification are included with the documentation available with the downloaded files. &lt;/p&gt;",Land Use,Ontario,,,Scholars GeoPortal,,GIS,image/jpeg,,,,https://brockdsl.github.io/geodata-listing/item.html?id=brockgeodata058
"Provincial Landcover Ed.2 [Ontario, North of the Shield]",,12/10/2021,"&lt;p&gt;Grid and layer files describing landcover north of the Canadian Shield. The Provincial Land Cover is a comprehensive, landscape-level inventory of natural, rural and urban areas in northern Ontario. The 2nd edition covers territory north of the southern boundary of the Canadian Shield. The classification was produced from 25-metre resolution satellite imagery (Landsat-7) and may not be well-suited to site-specific studies. The inventory represents the landscape from 1999 to 2002.&lt;br&gt;&lt;br&gt;USE SOLRIS OR LANDCOVER 2002 GTA FOR SOUTHERN ONTARIO.&lt;br&gt;&lt;br&gt;Data classes include: water (deep/shallow), settlement, sand/gravel/mine tailings, bedrock, mudflats, forest depletion - cuts, forest depletion -burns, forest - regenerating depletion, forest-sparse, forest-dense deciduous, forest - dense mixed, forest - dense coniferous, marsh - intertidal, marsh - supertidal, marsh - inland, swamp - deciduous, swamp - coniferous, fen - open, fen - treed, bog - open, bog - treed, tundra heath, agriculture - pasture/abandoned fields, agriculture cropland, other - unknown, other - cloud/shadow.&lt;/p&gt;",Land Use,Ontario,,,Scholars GeoPortal,,GIS,image/jpeg,,,,https://brockdsl.github.io/geodata-listing/item.html?id=brockgeodata059
TABI-1800 Thermal Imagery (Heber Downs CA),,12/10/2021,"&lt;p&gt;Sample thermal remote sensing imagery supplied by ITRES Research for academic purposes. This airborne thermal data offers a wide imaging array of 1800 pixels at 25 cm resolution. The TABI-1800 is a high-resolution airborne thermal mapper, offering a wide imaging array of 1800 pixels at 25 cm resolution. A sample image centred on Heber Downs Conservation Area near Macedonia Village, ON (north of Whitby) has been supplied for academic purposes by ITRES Research.&lt;br&gt;&lt;br&gt;Applications for TABI-1800 include detection of underground tunnels, pipeline mapping, forest fire detection, heat loss surveys, and many other applications where there are even the subtlest temperature differences.&lt;br&gt;Read more: &lt;a href=&quot;https://itres.com/sensor-line-1-high-fidelity-hyperspectral-sensor-system/&quot;&gt;https://itres.com/sensor-line-1-high-fidelity-hyperspectral-sensor-system/&lt;/a&gt;&lt;/p&gt;&lt;br&gt;&lt;br&gt;GENERAL SCENE DESCRIPTION (Please refer to imagery metadata document for specific details of each scene.)&lt;br&gt;&lt;br&gt;Airborne sensor: TABI-1800&lt;br&gt;Aircraft velocity: 140 knots&lt;br&gt;Aircraft altitude: ~800m AGL&lt;br&gt;Bandwidth: Broadband MWIR Image&lt;br&gt;Spectral Range: Band 01 = 3.7-4.8 microns&lt;br&gt;Date: July 22, 2011&lt;br&gt;Format: TIFF&lt;br&gt;Spatial Resolution: 25cm&lt;br&gt;&lt;br&gt;&lt;a href=&quot;https://brocku.ca/library/wp-content/uploads/sites/51/MDG-TABI1800-location.jpg?x60670&quot;&gt;Location map&lt;/a&gt;&lt;/p&gt;",Thermal; Remote Sensing,Ontario,,,Brock Licensed,,RS,image/jpeg,,,,https://brockdsl.github.io/geodata-listing/item.html?id=brockgeodata060
Pelee Island Orthophotos [2004],,12/10/2021,"&lt;p&gt;High resolution aerial imagery (orthophotos) for Pelee Island in Essex Region acquired in the spring of 2004. This area is well-known for its vineyards and wine production.&lt;br&gt;&lt;br&gt;Coordinate system: UTM - NAD&#39;83, Zone 17&lt;br&gt;Aerial photography date: April 2004&lt;br&gt;Ground pixel resolution: 30cm &amp; 50cm&lt;br&gt;Format: MrSID&lt;br&gt;Approximate file size: 41.2MB&lt;/p&gt;",Orthoimagery,Ontario,,,Brock Licensed,,RS,image/jpeg,,,,https://brockdsl.github.io/geodata-listing/item.html?id=brockgeodata061
Peterborough GIS data 2018,,12/10/2021,"&lt;p&gt;Vector data including streets, hydrology, sidewalks, building footprints, bus stops, land use, parcel fabric (property boundaries), zoning and schools. Additional years include 2009 and 2015.&lt;/p&gt;",Peterborough,Peterborough,,,Brock Licensed,,GIS,image/jpeg,,,,https://brockdsl.github.io/geodata-listing/item.html?id=brockgeodata065
Peterborough GIS data 2009,,12/10/2021,"&lt;p&gt;Vector data including streets, hydrology, sidewalks, bike trails, bus stops, property parcels, buildings, land use (agriculture, commercial, industrial, major institution, major open space, protected natural areas, residential, rural, urban fringe control area and village), floodplain boundary. These data provide a foundation on which basic mapping and land analysis can be performed.&lt;/p&gt;",Peterborough,Peterborough,,,Brock Licensed,,GIS,image/jpeg,,,,https://brockdsl.github.io/geodata-listing/item.html?id=brockgeodata066
Peterborough 2005 Orthoimagery,,12/10/2021,"&lt;p&gt;High resolution aerial imagery (orthophotos) for the city of Peterborough, Ontario captured in the spring of 2005. These data are used in land use planning, land survey research, population and diversity studies, and utilities evaluations, to name a few.&lt;br&gt;&lt;br&gt;Coordinate system: UTM - NAD&#39;83, Zone 17&lt;br&gt;Aerial photography date: spring 2005&lt;br&gt;Ground pixel resolution: 20cm&lt;br&gt;Approximate file size per tile: 3MB&lt;/p&gt;",Peterborough; Orthoimagery,Peterborough,,,Brock Licensed,,GIS,image/jpeg,,,,https://brockdsl.github.io/geodata-listing/item.html?id=brockgeodata067
South St. Catharines Streetlights,,12/10/2021,"&lt;p&gt;Point data locating streetlights from downtown to Brock area. Attribute table includes Pole No., wattage, street name, street type, street side and offset street.&lt;/p&gt;",St. Catharines,St.Catharines,,,Brock Licensed,,GIS,image/jpeg,,,,https://brockdsl.github.io/geodata-listing/item.html?id=brockgeodata068
St. Catharines Transit 2015,,12/10/2021," &lt;p&gt;The St. Catharines Transit Commission has generously provided complete transit system data including bus stops and all transit routes for the city, and additional network data for public transportation planning. These data compliment the &lt;a href=&quot;https://niagaraopendata.ca/dataset/public-transit-routes&quot;&gt;Niagara Region Transit layers&lt;/a&gt;. &lt;/p&gt;",Transportation,St.Catharines,,,Brock Licensed,,GIS,image/jpeg,,,,https://brockdsl.github.io/geodata-listing/item.html?id=brockgeodata069
St. Catharines Official Plan 2014,,12/10/2021,"&lt;p&gt;These GIS layers support the Garden City Official Plan 2014. For example: heritage districts, transportation network, bicycle network, municipal structure, general land use, land use designation, parklands, trail systems, potential development constraints and community improvement areas. Licensed data includes vector layers for Schedules B, D, E, F and G.  &lt;/p&gt;",St. Catharines,St.Catharines,,,Brock Licensed,,GIS,image/jpeg,,,,https://brockdsl.github.io/geodata-listing/item.html?id=brockgeodata070
Landcover 2002 Greater Toronto Area,,12/10/2021,"&lt;p&gt;Grid and layer files describing landcover for the GTA. Southern Ontario Land Resource Information System (SOLRIS) is a regional, ecologically based, land cover / land use inventory. The Landcover 2002 Greater Toronto Area is a modified version of SOLRIS. It provides a comprehensive, landscape-level inventory of natural, rural and urban areas in the GTA. The overall classification accuracy is approximately 80% and the minimum mapping unit is approximately 1 hectare. The pixel size is 15m x 15m. This data is suitable for regional scale mapping. The inventory represents the landscape current to 2002.&lt;br&gt;&lt;br&gt;Data classes include: water (deep/shallow, urban water), urban, extraction, sparse forest, deciduous forest, mixed forest, coniferous forest, open wetland, treed wetland, agriculture - pasture/cropland, bare rock, urban greenspace, cloud/shadow.&lt;/p&gt;",Land Use,Toronto,,,Brock Licensed,,GIS,image/jpeg,,,,https://brockdsl.github.io/geodata-listing/item.html?id=brockgeodata071
"CASI-1500 VNIR (hyperspectral) Imagery (Osoyoos, BC)",,12/10/2021,"&lt;p&gt;The CASI-1500 is an airborne sensor that captures hyperspectral visible near Infrared (VNIR) imagery with a 1500 pixel field of view, at 1.5 m resolution. This remote sensing image of the agricultural area in Osoyoos, British Columbia has been supplied for academic purposes by ITRES Research. CASI-1500 hyperspectral VNIR imagery has been used in applications such as detecting crop disease, mapping wetland species, water quality.&lt;br&gt;&lt;br&gt;Read&lt;br&gt;more: &lt;a href=&quot;https://itres.com/sensor-line-1-high-fidelity-hyperspectral-sensor-system/&quot;&gt;https://itres.com/sensor-line-1-high-fidelity-hyperspectral-sensor-system/&lt;/a&gt;&lt;br&gt;&lt;br&gt;GENERAL SCENE DESCRIPTION (Please refer to imagery metadata document for specific details of each scene.)&lt;br&gt;&lt;br&gt;Airborne sensor: CASI-1500&lt;br&gt;Aircraft velocity: 120 knots&lt;br&gt;Aircraft altitude: ~3000m AGL&lt;br&gt;Bandwidth: 7.2nm&lt;br&gt;Spectral Range:&lt;br&gt;Band 01 = 367.2nm +/- 3.6nm&lt;br&gt;Band 72 = 1046.7nm +/- 3.6nm&lt;br&gt;Date: August 1, 2012&lt;br&gt;Format: .img, .hdr&lt;br&gt;Resolution: 1.5m pixel resolution&lt;br&gt;Sky Conditions: clear&lt;/p&gt;",Remote Sensing,British Columbia,,,Brock Licensed,,RS,image/jpeg,,,,https://brockdsl.github.io/geodata-listing/item.html?id=brockgeodata072
"CASI-1500 VNIR (hyperspectral) Imagery (University of Calgary, AB)",,12/10/2021,"&lt;p&gt;The CASI-1500 is an airborne sensor that captures hyperspectral visible near Infrared (VNIR) imagery with a 1500 pixel field of view, achieving spatial resolutions as high as 25 cm. This sample image of the University of Calgary campus has been supplied for academic purposes by ITRES Research. CASI-1500 hyperspectral VNIR imagery has been used in applications such as detecting crop disease, mapping wetland species, water quality.&lt;br&gt;&lt;br&gt;Read&lt;br&gt;more: &lt;a href=&quot;https://itres.com/sensor-line-1-high-fidelity-hyperspectral-sensor-system/&quot;&gt;https://itres.com/sensor-line-1-high-fidelity-hyperspectral-sensor-system&lt;/a&gt;&lt;br&gt;&lt;br&gt;GENERAL SCENE DESCRIPTION (Please refer to imagery metadata document for specific details of each scene.)&lt;br&gt;&lt;br&gt;Airborne sensor: CASI-1500&lt;br&gt;Aircraft velocity: 120 knots&lt;br&gt;Aircraft altitude: ~1100 m AGL&lt;br&gt;Bandwidth: 18.8 nm&lt;br&gt;Spectral Range:&lt;br&gt;Band 01 = 384.8 nm +/- 18.9 nm&lt;br&gt;Band 18 = 1029.7 nm +/- 18.9 nm&lt;br&gt;Date: October 23, 2006&lt;br&gt;Format: .pix, .hdr&lt;br&gt;Spatial Resolution: 25 cm&lt;/p&gt;",Remote Sensing,Alberta,,,Brock Licensed,,RS,image/jpeg,,,,https://brockdsl.github.io/geodata-listing/item.html?id=brockgeodata073
Canadian Weather Stations,,12/10/2021,&lt;p&gt;Data includes 1480 weather stations organized by province/territory. These point data reflect information found on Environment Canada&#39;s National Climate Data and Information&lt;br&gt;Archive: &lt;a href=&quot;http://climate.weather.gc.ca/climate_normals/index_e.html&quot;&gt; http://climate.weather.gc.ca/climate_normals/index_e.html&lt;/a&gt;&lt;br&gt;&lt;br&gt;Each Province includes a shapefile and a layer file for symbology.&lt;/p&gt;,Weather Stations,Canada,,,Open Data,,GIS,image/jpeg,,,,https://brockdsl.github.io/geodata-listing/item.html?id=brockgeodata074
Canada Land Use Monitoring Program (CLUMP),,12/10/2021,"&lt;p&gt;Vector land use data collected in two phases consisting of the following years: [1966, 1971, 1976] and [1981-1986] with differing land use/activity/land cover classifications for urban areas across Canada.&lt;/p&gt;",Land Use,Canada,,,Open Data,,GIS,image/jpeg,,,,https://brockdsl.github.io/geodata-listing/item.html?id=brockgeodata075
DMTI Postal Code Suite,,12/10/2021,"&lt;p&gt;National coverage of six-digit Postal Code points, Local Delivery Units and Forward Sortation Areas. The suite also includes a table linking postal data to census boundaries for 1996, 2001, 2006, and 2011. Forward Sortation Areas are also available through Scholars GeoPortal.The MEP, or Multiple Enhanced Postal Code product is a precision point file representing over 1 million postal codes across Canada.&lt;br&gt;&lt;br&gt;MEP contains postal code data including a single link indicator (identifies main postal code when multiple exist), reference dates, and points of call for various kinds of structures and buildings with multiple postal codes associated.&lt;br&gt;&lt;br&gt;The MEP product contains a Multiple Enhanced Postal Code Unique Identifier which can be used to link postal codes to census geographies, using the Postal to Census Translation Table (a separate table used for linking purposes).&lt;/p&gt;",Postal Code,Canada,,,Brock Licensed,,GIS,image/jpeg,,,,https://brockdsl.github.io/geodata-listing/item.html?id=brockgeodata076
DMTI Enhanced Points of Interest,,12/10/2021,"&lt;p&gt;The Enhanced Points of Interest data by DMTI Spatial is a national database of approximately 1 million Canadian business and recreational points of interest. Each point of interest has been accurately geocoded and specifically placed to provide the highest quality for location based analysis. Features include: car pool parking lots, educational institutions, financial institutions, hotels, shopping malls, gas stations, health care facilities, tourist sites, police services and golf courses; to name a few. For a complete listing of points available see the documentation files.&lt;br&gt;&lt;br&gt;This data is made available through the SMART program data subscription for educational institutions across Canada by DMTI Spatial, Inc.&lt;/p&gt;",Points of Interest,Canada,,,Brock Licensed; Scholars GeoPortal,,GIS,image/jpeg,,,,https://brockdsl.github.io/geodata-listing/item.html?id=brockgeodata077
DMTI Neighbourhoods Boundaries,,12/10/2021,&lt;p&gt;A boundary file representing neighbourhoods in Canadian communities.&lt;/p&gt;,Neighbourhoods,Canada,,,Scholars GeoPortal,,GIS,image/jpeg,,,,https://brockdsl.github.io/geodata-listing/item.html?id=brockgeodata078
DMTI Parks &amp; Recreation,,12/10/2021,"&lt;p&gt;The CanMap Parks data is a national database of parks and recreation locations, and sports and race tracks. Features include: parks (national, provincial, other); wildlife areas and migratory bird sanctuaries; amusement park; campgrounds; cemeteries; golf courses; historic sites; picnic sites; and zoos, to name a few.&lt;br&gt;&lt;br&gt;This data is made available through the SMART program data subscription for educational institutions across Canada by DMTI Spatial, Inc.&lt;/p&gt;",Parks,Canada,,,Scholars GeoPortal,,GIS,image/jpeg,,,,https://brockdsl.github.io/geodata-listing/item.html?id=brockgeodata079
DMTI Water,,12/10/2021,"&lt;p&gt;Vector layers reflecting water features by province based on 1:50,000 scale mapping. Features include points, lines and polygons for major and minor hydrology.&lt;/p&gt;",Hydrology;  Water,Canada,,,Scholars GeoPortal,,GIS,image/jpeg,,,,https://brockdsl.github.io/geodata-listing/item.html?id=brockgeodata080
DMTI Land Use Layer,,12/10/2021,"&lt;p&gt;A vector layer for major Canadian communities including land use categories such as: commercial, government/institutional, open area, parks &amp; recreational, residential, resource &amp; industrial and waterbody.&lt;/p&gt;",Land Use,Canada,,,Scholars GeoPortal,,GIS,image/jpeg,,,,https://brockdsl.github.io/geodata-listing/item.html?id=brockgeodata081
GeoGratis ,,12/10/2021,"&lt;p&gt;Developed by Natural Resources Canada, this is a one stop shop for geospatial data, topographic and geoscience maps, images and scientific publications.  Easy to search, view and download, and completely FREE! Instructions for using GeoGratis are available.&lt;/p&gt;",GeoGratis,Canada,,,Open Data,,GIS,image/jpeg,,,,https://brockdsl.github.io/geodata-listing/item.html?id=brockgeodata082
GeoBase,,12/10/2021,"&lt;p&gt;Developed by the Canadian Council on Geomatics (CCOG), this portal offers easy access to remote sensing imagery, administrative boundaries, National Hydro Network, National Power Line Network, National Railway Network or the National Road Network.&lt;/p&gt;",GeoBase,Canada,,,Open Data,,GIS,image/jpeg,,,,https://brockdsl.github.io/geodata-listing/item.html?id=brockgeodata083
Census Mapper,,12/10/2021,&lt;p&gt;Interactive census mapping for all of Canada.&lt;/p&gt;,Census,Canada,,,Open Data,,GIS,image/jpeg,,,,https://brockdsl.github.io/geodata-listing/item.html?id=brockgeodata084
Census 2016,,12/10/2021,"&lt;p&gt;As the census is being released, data tables can be accessed &lt;a href=&quot;https://bit.ly/3GkJeUM&quot;&gt;here&lt;/a&gt;.&lt;/p&gt;",Census,Canada,,,Brock Licensed,,Tables,image/jpeg,,,,https://brockdsl.github.io/geodata-listing/item.html?id=brockgeodata085
Census Profiles Tables (CHASS),,12/10/2021,&lt;p&gt;Site provides census data and documention for various years of the census of Canada. NOTE: access is limited to valid Brock University academia only. This is the University of Toronto portal for Statistics Canada Census data. Census data profile tables are used for census mapping. &lt;/p&gt;,Census,Canada,,,Brock Licensed,,Tables,image/jpeg,,,,https://brockdsl.github.io/geodata-listing/item.html?id=brockgeodata086
Geography Files (Scholars GeoPortal),,12/10/2021,"&lt;p&gt;Cartographic boundary files are available by searching the GeoPortal or by direct download from Statistics Canada. Geographic boundaries include census dissemination areas, census tracts, census divisions, census subdivisions, federal electoral districts, etc.&lt;/p&gt;",Census,Canada,,,Open DataScholars GeoPortal,,GIS,image/jpeg,,,,https://brockdsl.github.io/geodata-listing/item.html?id=brockgeodata087
Elections Ontario Geography Files,,12/10/2021,&lt;p&gt;Polling divisions are available in PDF maps and GIS shapefile format for the province of Ontario.&lt;/p&gt;,Elections Ontario,Canada,,,Open Data,,GIS,image/jpeg,,,,https://brockdsl.github.io/geodata-listing/item.html?id=brockgeodata088
Health Region Boundary Files,,12/10/2021,&lt;p&gt;Health region boundaries including Public health units and Local Health Integration Network.&lt;/p&gt;,Ontario; Health,Canada,,,Open Data; Scholars GeoPortal,,GIS,image/jpeg,,,,https://brockdsl.github.io/geodata-listing/item.html?id=brockgeodata089
DMTI CanMap Route Logistics (Roads),,12/10/2021,"&lt;p&gt;National vector data including roads, highways, street names and address ranges, routing attributes (Route Hierarchy, Roads, Highways, Rush Traffic, Median, Speed Limits and Travel Time), other transportation features, points of interest, parks, populated placenames, Canadian area code boundaries, Canadian time zones boundaries, general water features and municipal/provincial/federal boundaries.&lt;/p&gt;",Transportation,Canada,,,Scholars GeoPortal,,GIS,image/jpeg,,,,https://brockdsl.github.io/geodata-listing/item.html?id=brockgeodata090
National Hydro Network,,12/10/2021,"&lt;p&gt;Geospatial vector data describing hydrographic features such as lakes, reservoirs, rivers, streams, canals, islands, obstacles and constructions&lt;/p&gt;",Hydrology; Water,Canada,,,Open Data,,GIS,image/jpeg,,,,https://brockdsl.github.io/geodata-listing/item.html?id=brockgeodata091
U.S. Census Bureau,,12/10/2021,"&lt;p&gt;Site offers details, interactive mapping and data download for the American Census.&lt;/p&gt;",Census; United States,United States,,,Open Data,,GIS; Web,image/jpeg,,,,https://brockdsl.github.io/geodata-listing/item.html?id=brockgeodata092
USGS Earth Explorer,,12/10/2021,"&lt;p&gt;Landsat 1-8 Imagery (including thermal), ASTER, Elevation Data, Vegetation index, Land Cover, Tree Cover; Global coverage. Access remote sensing data of the world captured by various satellite sensor platforms. These data are freely available for direct download. A tutorial is available.&lt;/p&gt;",United States,World,,,Open Data,,RS,image/jpeg,,,,https://brockdsl.github.io/geodata-listing/item.html?id=brockgeodata093
LandsatLook Viewer,,12/10/2021,"&lt;p&gt;Using an interactive map, explore landsat archived remote sensing images, view metadata and download full-band source Landsat satellite imagery.&lt;/p&gt;",Remote Sensing; Satellite Imagery,World,,,Open Data,,RS,image/jpeg,,,,https://brockdsl.github.io/geodata-listing/item.html?id=brockgeodata094
DIVA-GIS,,12/10/2021,"&lt;p&gt;This site offers direct download for most countries across the world. Includes administrative areas, inland water, roads, railroads, elevation, land cover, population in shapefile, Grid or DBF format. Source data is mainly Digital Chart of the World.&lt;/p&gt;",World,World,,,Open Data,,GIS,image/jpeg,,,,https://brockdsl.github.io/geodata-listing/item.html?id=brockgeodata095
ArcGIS Online,,12/10/2021,"&lt;p&gt;ArcGIS Online is a collaborative, cloud-based platform that allows you to create, store and manage maps, apps and data, and share them with others. You also get access to maps and apps shared by Esri and GIS users around the world. ArcGIS.com has many tools for managing your content. You can upload different types of data, such as packages, and desktop files like MXDs and LYRs and you also get 2 GB of storage in the secure cloud. A free ESRI Global Account is required.&lt;/p&gt;",ArcGIS,World,,,Open Data,,GIS,image/jpeg,,,,https://brockdsl.github.io/geodata-listing/item.html?id=brockgeodata096
Natural Earth,,12/10/2021,"&lt;p&gt;Free downloads containing vector and raster datasets of the world. This data is available in 1:10 million, 1:50 million and 1:100 million scales. Themes include water (lakes, rivers), major highways, roads, coastlines and country boundaries, to name a few.&lt;/p&gt;",Natural Earth,World,,,Open Data,,GIS,image/jpeg,,,,https://brockdsl.github.io/geodata-listing/item.html?id=brockgeodata097
Environment Canada Climate Data,,12/10/2021,"&lt;p&gt;Monthly, daily and hourly climate data are available for Environment Canada weather stations through this website. A tutorial is available.&lt;/p&gt;",Environment Canada; Climate,Canada,,,Open Data,,GIS,image/jpeg,,,,https://brockdsl.github.io/geodata-listing/item.html?id=brockgeodata098
GeoScan,,12/10/2021,&lt;p&gt;Access geology maps (GSC) and data using the Advanced Search option.&lt;/p&gt;,GeoScan,Canada,,,Open Data,,Static,image/jpeg,,,,https://brockdsl.github.io/geodata-listing/item.html?id=brockgeodata100
National Atlas of Canada,,12/10/2021,"&lt;p&gt;Access archived map content from the National Atlas of Canada series, Federal Elections, Glacier Atlas, National Parks and more.&lt;/p&gt;",Canada,Canada,,,Open Data,,Static,image/jpeg,,,,https://brockdsl.github.io/geodata-listing/item.html?id=brockgeodata101
OCUL Historical Topographic Maps Digitization Project,,12/10/2021,"&lt;p&gt;Historical topographic maps have been digitized, georeferenced and are available through this discovery portal.&lt;/p&gt;",Topographic maps,Ontario,,,Open Data; Scholars GeoPortal,,Static,image/jpeg,,,,https://brockdsl.github.io/geodata-listing/item.html?id=brockgeodata102
Toronto Transit Commission (TTC),,12/10/2021,"&lt;p&gt;These data layers include surface route (bus, streetcar) and Rapid Transit information for the city of Toronto, Ontario. Attribute details include stops, routes, route number, name, mode of transit, night service (if applicable).&lt;/p&gt;",Transportation,Toronto,,,Open Data,,GIS,image/jpeg,,,,https://brockdsl.github.io/geodata-listing/item.html?id=brockgeodata103
Ontario Make a Topographic Map,,12/10/2021,&lt;p&gt;Customize a topographic map for your research area in the province of Ontario.&lt;/p&gt;,Topographic maps,Ontario,,,Open Data,,GIS,image/jpeg,,,,https://brockdsl.github.io/geodata-listing/item.html?id=brockgeodata104
Niagara Orthoimagery 2018,,12/10/2021,"&lt;p&gt;High resolution aerial imagery for the Niagara Region. This orthoimagery includes Niagara municipal mosaics of the spring 2018 imagery. The Region is also available by 1 km tiles. These data are used in land use planning, water management, urban studies and infrastructure, natural resources, to name a few.&lt;br&gt;&lt;br&gt;Coordinate system: UTM - NAD&#39;83, Zone 17&lt;br&gt;Imagery date: spring 2018&lt;br&gt;Ground pixel resolution: 20 cm&lt;br&gt;Format: TIF, JP2&lt;br&gt;Approximate file size per tile: 2GB - 13GB&lt;br&gt;Organized by municipality or 1 km tiles&lt;/p&gt;",Orthoimagery,Niagara,,,Brock Licensed,,RS,image/jpeg,,,,https://brockdsl.github.io/geodata-listing/item.html?id=brockgeodata105
"Worldview-4 Satellite Imagery, July 3, 2017",,12/10/2021,&lt;p&gt;NiagaraFallsPark_WV4_MS_Geotiff.zip - This file contains 4-Band Multispectral imagery only that has been orthorectified and is at the native 1.2m resolution &lt;br&gt;NiagaraFallsPark_WV4_Pan_Geotiff.zip - This file contains Panchromatic (Black &amp; White) imagery only that has been orthorectified and is at the native 30cm resolution &lt;br&gt;NiagaraFallsPark_WV4_RGB_Geotiff.zip - This file contains 3-Band Pan-Sharpened Natural Color (RGB) imagery that has been orthorectified and is at the 30cm resolution&lt;br&gt;NiagaraFallsPark_WV4_RGBN_Geotiff.zip - This file contains 4-Band Pan-Sharpened (RGBNIR) imagery that has been orthorectified and is at the 30cm resolution&lt;/p&gt;,Remote Sensing; Satellite Imagery,Niagara,,,Brock Licensed,,RS,image/jpeg,,,,https://brockdsl.github.io/geodata-listing/item.html?id=brockgeodata106
"Worldview-2 Satellite Imagery, July 8, 2017",,12/10/2021,"&lt;p&gt;Remote sensing Worldview-2 satellite imagery for the town of Niagara-on-the-Lake. Ortho Ready Standard high resolution satellite data used to study land use, land cover, agriculture, urban growth, transportation networks, deforestation, water pollution, and other earth surface features.&lt;br&gt;&lt;br&gt;Satellite: WorldView-2 Niagara-on-the-Lake&lt;br&gt;Date: July 8, 2017&lt;br&gt;Format: GeoTIFF&lt;br&gt;Resolution: 50 cm (pan); 2 m (multi-spectral)&lt;br&gt;Sensor Mode: PAN/MS&lt;br&gt;Cloud Cover: 0%&lt;br&gt;Bands: panchromatic &amp; multispectral, B, G, R and near-infrared&lt;br&gt;Image processing: Ortho-Ready Standard&lt;br&gt;&lt;br&gt;&lt;br&gt;Spectral Characteristics:&lt;br&gt;&lt;br&gt;400-450 nm (coastal)&lt;br&gt;450-510 nm (blue)&lt;br&gt;510-580 nm (green&lt;br&gt;585-625nm(yellow)&lt;br&gt;630-690nm(red)&lt;br&gt;705-745 (red edge)&lt;br&gt;770-895 (near IR-1)&lt;br&gt;860-900 nm (near IR-2)&lt;br&gt;&lt;br&gt;Pan (B&amp;W): 450-800&lt;/p&gt;",Remote Sensing; Satellite Imagery,Niagara,,,Brock Licensed,,RS,image/jpeg,,,,https://brockdsl.github.io/geodata-listing/item.html?id=brockgeodata107
"Worldview-2 &amp; 3 Satellite Imagery, July 31, 2023",,10/10/2023,"&lt;p&gt;Remote sensing Worldview-2 satellite imagery for the town of Lincoln. Ortho Ready Standard high resolution satellite data used to study land use, land cover, agriculture, urban growth, transportation networks, deforestation, water pollution, and other earth surface features.&lt;br&gt;&lt;br&gt;Satellite: WorldView-2&amp;3 Lincoln&lt;br&gt;Date: July 31, 2023&lt;br&gt;Format: GeoTIFF&lt;br&gt;Resolution: 50 cm (pan); 2 m (multi-spectral)&lt;br&gt;Sensor Mode: PAN/MS&lt;br&gt;Cloud Cover: 0%&lt;br&gt;Bands: panchromatic &amp; multispectral, B, G, R and near-infrared&lt;br&gt;Image processing: Ortho-Ready Standard&lt;br&gt;&lt;br&gt;&lt;br&gt;Spectral Characteristics:&lt;br&gt;&lt;br&gt;400-450 nm (coastal)&lt;br&gt;450-510 nm (blue)&lt;br&gt;510-580 nm (green)&lt;br&gt;585-625 nm(yellow)&lt;br&gt;630-690 nm(red)&lt;br&gt;705-745 (red edge)&lt;br&gt;770-895 (near IR-1)&lt;br&gt;860-1040 nm (near IR-2)&lt;br&gt;&lt;br&gt;Pan (B&amp;W): 450-800&lt;/p&gt;",Remote Sensing; Satellite Imagery,"Town of Lincoln, Niagara",,,Brock Licensed,,RS,image/jpeg,,,,https://brockdsl.github.io/geodata-listing/item.html?id=brockgeodata108
Niagara Orthoimagery 2023,,10/10/2023,"&lt;p&gt;High resolution (10cm) aerial imagery for the Niagara Region. This orthoimagery includes the 12 municipalities of Niagara captured in the  spring of 2023. These data are used in land use planning, water management, urban studies, climate change and natural resources, to name a few.&lt;/p&gt;",Orthoimagery,Niagara,,,Brock Licensed,,RS,image/jpeg,,,,https://brockdsl.github.io/geodata-listing/item.html?id=brockgeodata109
Niagara Region Building Footprints 2023,,10/10/2023,"&lt;p&gt;Detailed building footprints captured from high resolution orthorimagery and includes the 12 municipalities of Niagara captured in the  spring of 2023. These data are used in land use planning, urban studies, and natural resources, to name a few.&lt;/p&gt;",Land Use,Niagara,,,Brock Licensed,,GIS,image/jpeg,,,,https://brockdsl.github.io/geodata-listing/item.html?id=brockgeodata110
